<?xml version="1.0" encoding="UTF-8" standalone="yes"?>
<addon id="repository.vigilante-pancake"  name="vigilante-pancake" version="1.0.0" provider-name="Natsumi-x">
    <extension point="xbmc.addon.repository" name="vigilante-pancake Repository">
        <dir>
            <info compressed="false">https://raw.githubusercontent.com/Natsumi-x/natsumi-x.github.io/main/repo/zips/addons.xml</info>
            <checksum>https://raw.githubusercontent.com/Natsumi-x/natsumi-x.github.io/main/repo/zips/addons.xml.md5</checksum>
            <datadir zip="true">https://raw.githubusercontent.com/Natsumi-x/natsumi-x.github.io/main/repo/zips/</datadir>
        </dir>
    </extension>
    <extension point="xbmc.addon.metadata">
        <summary>vigilante-pancake repo</summary>
        <description>Wizard for Epic's Kodi Build</description>
        <disclaimer></disclaimer>
        <platform>all</platform>
        <assets>
            <icon>icon.png</icon>
            <fanart>fanart.jpg</fanart>
        </assets>
    </extension>
</addon>